0,0,0,0,0,0,0,0,0x00000000,600,
1,1,0,0,0,0,0,2164260864,0x81000000,600,
1,1,0,0,0,0,0,2164260864,0x81000000,600,rampa negativa
1,1,0,3,3,0,0,2164458240,0x81030300,600,rampa negativa
1,1,0,7,6,0,0,2164721152,0x81070600,600,rampa negativa
1,1,0,10,10,0,0,2164918784,0x810A0A00,600,rampa negativa
1,1,0,14,13,0,0,2165181696,0x810E0D00,600,rampa negativa
1,1,0,17,16,0,0,2165379072,0x81111000,600,rampa negativa
1,1,0,21,20,0,0,2165642240,0x81151400,600,rampa negativa
1,1,0,24,23,0,0,2165839616,0x81181700,600,rampa negativa
1,1,0,28,27,0,0,2166102784,0x811C1B00,600,rampa negativa
1,1,0,32,30,0,0,2166365696,0x81201E00,600,rampa negativa
1,1,0,35,33,0,0,2166563072,0x81232100,600,rampa negativa
1,1,0,39,37,0,0,2166826240,0x81272500,600,rampa negativa
1,1,0,42,40,0,0,2167023616,0x812A2800,600,rampa negativa
1,1,0,46,44,0,0,2167286784,0x812E2C00,600,rampa negativa
1,1,0,49,47,0,0,2167484160,0x81312F00,600,rampa negativa
1,1,0,53,50,0,0,2167747072,0x81353200,600,rampa negativa
1,1,0,56,54,0,0,2167944704,0x81383600,600,rampa negativa
1,1,0,60,57,0,0,2168207616,0x813C3900,600,rampa negativa
1,1,0,64,61,0,0,2168470784,0x81403D00,600,rampa negativa
1,1,0,67,64,0,0,2168668160,0x81434000,600,rampa negativa
1,1,0,71,67,0,0,2168931072,0x81474300,600,rampa negativa
1,1,0,74,71,0,0,2169128704,0x814A4700,600,rampa negativa
1,1,0,78,74,0,0,2169391616,0x814E4A00,600,rampa negativa
1,1,0,81,77,0,0,2169588992,0x81514D00,600,rampa negativa
1,1,0,85,81,0,0,2169852160,0x81555100,600,rampa negativa
1,1,0,88,84,0,0,2170049536,0x81585400,600,rampa negativa
1,1,0,92,88,0,0,2170312704,0x815C5800,600,rampa negativa
1,1,0,96,91,0,0,2170575616,0x81605B00,600,rampa negativa
1,1,0,99,94,0,0,2170772992,0x81635E00,600,rampa negativa
1,1,0,103,98,0,0,2171036160,0x81676200,600,rampa negativa
1,1,0,106,101,0,0,2171233536,0x816A6500,600,rampa negativa
1,1,0,110,105,0,0,2171496704,0x816E6900,600,rampa negativa
1,1,0,113,108,0,0,2171694080,0x81716C00,600,rampa negativa
1,1,0,117,111,0,0,2171956992,0x81756F00,600,rampa negativa
1,1,0,121,115,0,0,2172220160,0x81797300,600,rampa negativa
1,1,0,124,118,0,0,2172417536,0x817C7600,600,rampa negativa
1,1,0,128,122,0,0,2172680704,0x81807A00,600,rampa negativa
1,1,0,131,125,0,0,2172878080,0x81837D00,600,rampa negativa
1,1,0,135,128,0,0,2173140992,0x81878000,600,rampa negativa
1,1,0,138,132,0,0,2173338624,0x818A8400,600,rampa negativa
1,1,0,142,135,0,0,2173601536,0x818E8700,600,rampa negativa
1,1,0,145,138,0,0,2173798912,0x81918A00,600,rampa negativa
1,1,0,149,142,0,0,2174062080,0x81958E00,600,rampa negativa
1,1,0,153,145,0,0,2174324992,0x81999100,600,rampa negativa
1,1,0,156,149,0,0,2174522624,0x819C9500,600,rampa negativa
1,1,0,160,152,0,0,2174785536,0x81A09800,600,rampa negativa
1,1,0,163,155,0,0,2174982912,0x81A39B00,600,rampa negativa
1,1,0,167,159,0,0,2175246080,0x81A79F00,600,rampa negativa
1,1,0,170,162,0,0,2175443456,0x81AAA200,600,rampa negativa
1,1,0,174,166,0,0,2175706624,0x81AEA600,600,rampa negativa
1,1,0,177,169,0,0,2175904000,0x81B1A900,600,rampa negativa
1,1,0,181,172,0,0,2176166912,0x81B5AC00,600,rampa negativa
1,1,0,185,176,0,0,2176430080,0x81B9B000,600,rampa negativa
1,1,0,188,179,0,0,2176627456,0x81BCB300,600,rampa negativa
1,1,0,192,183,0,0,2176890624,0x81C0B700,600,rampa negativa
1,1,0,195,186,0,0,2177088000,0x81C3BA00,600,rampa negativa
1,1,0,199,189,0,0,2177350912,0x81C7BD00,600,rampa negativa
1,1,0,202,193,0,0,2177548544,0x81CAC100,600,rampa negativa
1,1,0,206,196,0,0,2177811456,0x81CEC400,600,rampa negativa
1,1,0,210,200,0,0,2178074624,0x81D2C800,600,rampa negativa
1,1,0,210,200,0,0,2178074624,0x81D2C800,600,ritorno a zero
1,1,0,206,196,0,0,2177811456,0x81CEC400,600,ritorno a zero
1,1,0,202,193,0,0,2177548544,0x81CAC100,600,ritorno a zero
1,1,0,199,189,0,0,2177350912,0x81C7BD00,600,ritorno a zero
1,1,0,195,186,0,0,2177088000,0x81C3BA00,600,ritorno a zero
1,1,0,192,183,0,0,2176890624,0x81C0B700,600,ritorno a zero
1,1,0,188,179,0,0,2176627456,0x81BCB300,600,ritorno a zero
1,1,0,185,176,0,0,2176430080,0x81B9B000,600,ritorno a zero
1,1,0,181,172,0,0,2176166912,0x81B5AC00,600,ritorno a zero
1,1,0,177,169,0,0,2175904000,0x81B1A900,600,ritorno a zero
1,1,0,174,166,0,0,2175706624,0x81AEA600,600,ritorno a zero
1,1,0,170,162,0,0,2175443456,0x81AAA200,600,ritorno a zero
1,1,0,167,159,0,0,2175246080,0x81A79F00,600,ritorno a zero
1,1,0,163,155,0,0,2174982912,0x81A39B00,600,ritorno a zero
1,1,0,160,152,0,0,2174785536,0x81A09800,600,ritorno a zero
1,1,0,156,149,0,0,2174522624,0x819C9500,600,ritorno a zero
1,1,0,153,145,0,0,2174324992,0x81999100,600,ritorno a zero
1,1,0,149,142,0,0,2174062080,0x81958E00,600,ritorno a zero
1,1,0,145,138,0,0,2173798912,0x81918A00,600,ritorno a zero
1,1,0,142,135,0,0,2173601536,0x818E8700,600,ritorno a zero
1,1,0,138,132,0,0,2173338624,0x818A8400,600,ritorno a zero
1,1,0,135,128,0,0,2173140992,0x81878000,600,ritorno a zero
1,1,0,131,125,0,0,2172878080,0x81837D00,600,ritorno a zero
1,1,0,128,122,0,0,2172680704,0x81807A00,600,ritorno a zero
1,1,0,124,118,0,0,2172417536,0x817C7600,600,ritorno a zero
1,1,0,121,115,0,0,2172220160,0x81797300,600,ritorno a zero
1,1,0,117,111,0,0,2171956992,0x81756F00,600,ritorno a zero
1,1,0,113,108,0,0,2171694080,0x81716C00,600,ritorno a zero
1,1,0,110,105,0,0,2171496704,0x816E6900,600,ritorno a zero
1,1,0,106,101,0,0,2171233536,0x816A6500,600,ritorno a zero
1,1,0,103,98,0,0,2171036160,0x81676200,600,ritorno a zero
1,1,0,99,94,0,0,2170772992,0x81635E00,600,ritorno a zero
1,1,0,96,91,0,0,2170575616,0x81605B00,600,ritorno a zero
1,1,0,92,88,0,0,2170312704,0x815C5800,600,ritorno a zero
1,1,0,88,84,0,0,2170049536,0x81585400,600,ritorno a zero
1,1,0,85,81,0,0,2169852160,0x81555100,600,ritorno a zero
1,1,0,81,77,0,0,2169588992,0x81514D00,600,ritorno a zero
1,1,0,78,74,0,0,2169391616,0x814E4A00,600,ritorno a zero
1,1,0,74,71,0,0,2169128704,0x814A4700,600,ritorno a zero
1,1,0,71,67,0,0,2168931072,0x81474300,600,ritorno a zero
1,1,0,67,64,0,0,2168668160,0x81434000,600,ritorno a zero
1,1,0,64,61,0,0,2168470784,0x81403D00,600,ritorno a zero
1,1,0,60,57,0,0,2168207616,0x813C3900,600,ritorno a zero
1,1,0,56,54,0,0,2167944704,0x81383600,600,ritorno a zero
1,1,0,53,50,0,0,2167747072,0x81353200,600,ritorno a zero
1,1,0,49,47,0,0,2167484160,0x81312F00,600,ritorno a zero
1,1,0,46,44,0,0,2167286784,0x812E2C00,600,ritorno a zero
1,1,0,42,40,0,0,2167023616,0x812A2800,600,ritorno a zero
1,1,0,39,37,0,0,2166826240,0x81272500,600,ritorno a zero
1,1,0,35,33,0,0,2166563072,0x81232100,600,ritorno a zero
1,1,0,32,30,0,0,2166365696,0x81201E00,600,ritorno a zero
1,1,0,28,27,0,0,2166102784,0x811C1B00,600,ritorno a zero
1,1,0,24,23,0,0,2165839616,0x81181700,600,ritorno a zero
1,1,0,21,20,0,0,2165642240,0x81151400,600,ritorno a zero
1,1,0,17,16,0,0,2165379072,0x81111000,600,ritorno a zero
1,1,0,14,13,0,0,2165181696,0x810E0D00,600,ritorno a zero
1,1,0,10,10,0,0,2164918784,0x810A0A00,600,ritorno a zero
1,1,0,7,6,0,0,2164721152,0x81070600,600,ritorno a zero
1,1,0,3,3,0,0,2164458240,0x81030300,600,ritorno a zero
1,1,0,0,0,0,0,2164260864,0x81000000,600,ritorno a zero
1,1,0,0,0,0,0,2164260864,0x81000000,600,attesa a zero
1,1,0,0,0,0,0,2164260864,0x81000000,600,attesa a zero
1,1,0,0,0,0,0,2164260864,0x81000000,600,attesa a zero
1,1,0,0,0,0,0,2164260864,0x81000000,600,attesa a zero
1,0,0,0,0,0,0,16777216,0x01000000,600,cambio polarità
1,0,0,0,0,0,0,16777216,0x01000000,600,rampa positiva
1,0,0,3,3,0,0,16974592,0x01030300,600,rampa positiva
1,0,0,7,6,0,0,17237504,0x01070600,600,rampa positiva
1,0,0,10,10,0,0,17435136,0x010A0A00,600,rampa positiva
1,0,0,14,13,0,0,17698048,0x010E0D00,600,rampa positiva
1,0,0,17,16,0,0,17895424,0x01111000,600,rampa positiva
1,0,0,21,20,0,0,18158592,0x01151400,600,rampa positiva
1,0,0,24,23,0,0,18355968,0x01181700,600,rampa positiva
1,0,0,28,27,0,0,18619136,0x011C1B00,600,rampa positiva
1,0,0,32,30,0,0,18882048,0x01201E00,600,rampa positiva
1,0,0,35,33,0,0,19079424,0x01232100,600,rampa positiva
1,0,0,39,37,0,0,19342592,0x01272500,600,rampa positiva
1,0,0,42,40,0,0,19539968,0x012A2800,600,rampa positiva
1,0,0,46,44,0,0,19803136,0x012E2C00,600,rampa positiva
1,0,0,49,47,0,0,20000512,0x01312F00,600,rampa positiva
1,0,0,53,50,0,0,20263424,0x01353200,600,rampa positiva
1,0,0,56,54,0,0,20461056,0x01383600,600,rampa positiva
1,0,0,60,57,0,0,20723968,0x013C3900,600,rampa positiva
1,0,0,64,61,0,0,20987136,0x01403D00,600,rampa positiva
1,0,0,67,64,0,0,21184512,0x01434000,600,rampa positiva
1,0,0,71,67,0,0,21447424,0x01474300,600,rampa positiva
1,0,0,74,71,0,0,21645056,0x014A4700,600,rampa positiva
1,0,0,78,74,0,0,21907968,0x014E4A00,600,rampa positiva
1,0,0,81,77,0,0,22105344,0x01514D00,600,rampa positiva
1,0,0,85,81,0,0,22368512,0x01555100,600,rampa positiva
1,0,0,88,84,0,0,22565888,0x01585400,600,rampa positiva
1,0,0,92,88,0,0,22829056,0x015C5800,600,rampa positiva
1,0,0,96,91,0,0,23091968,0x01605B00,600,rampa positiva
1,0,0,99,94,0,0,23289344,0x01635E00,600,rampa positiva
1,0,0,103,98,0,0,23552512,0x01676200,600,rampa positiva
1,0,0,106,101,0,0,23749888,0x016A6500,600,rampa positiva
1,0,0,110,105,0,0,24013056,0x016E6900,600,rampa positiva
1,0,0,113,108,0,0,24210432,0x01716C00,600,rampa positiva
1,0,0,117,111,0,0,24473344,0x01756F00,600,rampa positiva
1,0,0,121,115,0,0,24736512,0x01797300,600,rampa positiva
1,0,0,124,118,0,0,24933888,0x017C7600,600,rampa positiva
1,0,0,128,122,0,0,25197056,0x01807A00,600,rampa positiva
1,0,0,131,125,0,0,25394432,0x01837D00,600,rampa positiva
1,0,0,135,128,0,0,25657344,0x01878000,600,rampa positiva
1,0,0,138,132,0,0,25854976,0x018A8400,600,rampa positiva
1,0,0,142,135,0,0,26117888,0x018E8700,600,rampa positiva
1,0,0,145,138,0,0,26315264,0x01918A00,600,rampa positiva
1,0,0,149,142,0,0,26578432,0x01958E00,600,rampa positiva
1,0,0,153,145,0,0,26841344,0x01999100,600,rampa positiva
1,0,0,156,149,0,0,27038976,0x019C9500,600,rampa positiva
1,0,0,160,152,0,0,27301888,0x01A09800,600,rampa positiva
1,0,0,163,155,0,0,27499264,0x01A39B00,600,rampa positiva
1,0,0,167,159,0,0,27762432,0x01A79F00,600,rampa positiva
1,0,0,170,162,0,0,27959808,0x01AAA200,600,rampa positiva
1,0,0,174,166,0,0,28222976,0x01AEA600,600,rampa positiva
1,0,0,177,169,0,0,28420352,0x01B1A900,600,rampa positiva
1,0,0,181,172,0,0,28683264,0x01B5AC00,600,rampa positiva
1,0,0,185,176,0,0,28946432,0x01B9B000,600,rampa positiva
1,0,0,188,179,0,0,29143808,0x01BCB300,600,rampa positiva
1,0,0,192,183,0,0,29406976,0x01C0B700,600,rampa positiva
1,0,0,195,186,0,0,29604352,0x01C3BA00,600,rampa positiva
1,0,0,199,189,0,0,29867264,0x01C7BD00,600,rampa positiva
1,0,0,202,193,0,0,30064896,0x01CAC100,600,rampa positiva
1,0,0,206,196,0,0,30327808,0x01CEC400,600,rampa positiva
1,0,0,210,200,0,0,30590976,0x01D2C800,600,rampa positiva
1,0,0,210,200,0,0,30590976,0x01D2C800,600,ritorno a zero
1,0,0,206,196,0,0,30327808,0x01CEC400,600,ritorno a zero
1,0,0,202,193,0,0,30064896,0x01CAC100,600,ritorno a zero
1,0,0,199,189,0,0,29867264,0x01C7BD00,600,ritorno a zero
1,0,0,195,186,0,0,29604352,0x01C3BA00,600,ritorno a zero
1,0,0,192,183,0,0,29406976,0x01C0B700,600,ritorno a zero
1,0,0,188,179,0,0,29143808,0x01BCB300,600,ritorno a zero
1,0,0,185,176,0,0,28946432,0x01B9B000,600,ritorno a zero
1,0,0,181,172,0,0,28683264,0x01B5AC00,600,ritorno a zero
1,0,0,177,169,0,0,28420352,0x01B1A900,600,ritorno a zero
1,0,0,174,166,0,0,28222976,0x01AEA600,600,ritorno a zero
1,0,0,170,162,0,0,27959808,0x01AAA200,600,ritorno a zero
1,0,0,167,159,0,0,27762432,0x01A79F00,600,ritorno a zero
1,0,0,163,155,0,0,27499264,0x01A39B00,600,ritorno a zero
1,0,0,160,152,0,0,27301888,0x01A09800,600,ritorno a zero
1,0,0,156,149,0,0,27038976,0x019C9500,600,ritorno a zero
1,0,0,153,145,0,0,26841344,0x01999100,600,ritorno a zero
1,0,0,149,142,0,0,26578432,0x01958E00,600,ritorno a zero
1,0,0,145,138,0,0,26315264,0x01918A00,600,ritorno a zero
1,0,0,142,135,0,0,26117888,0x018E8700,600,ritorno a zero
1,0,0,138,132,0,0,25854976,0x018A8400,600,ritorno a zero
1,0,0,135,128,0,0,25657344,0x01878000,600,ritorno a zero
1,0,0,131,125,0,0,25394432,0x01837D00,600,ritorno a zero
1,0,0,128,122,0,0,25197056,0x01807A00,600,ritorno a zero
1,0,0,124,118,0,0,24933888,0x017C7600,600,ritorno a zero
1,0,0,121,115,0,0,24736512,0x01797300,600,ritorno a zero
1,0,0,117,111,0,0,24473344,0x01756F00,600,ritorno a zero
1,0,0,113,108,0,0,24210432,0x01716C00,600,ritorno a zero
1,0,0,110,105,0,0,24013056,0x016E6900,600,ritorno a zero
1,0,0,106,101,0,0,23749888,0x016A6500,600,ritorno a zero
1,0,0,103,98,0,0,23552512,0x01676200,600,ritorno a zero
1,0,0,99,94,0,0,23289344,0x01635E00,600,ritorno a zero
1,0,0,96,91,0,0,23091968,0x01605B00,600,ritorno a zero
1,0,0,92,88,0,0,22829056,0x015C5800,600,ritorno a zero
1,0,0,88,84,0,0,22565888,0x01585400,600,ritorno a zero
1,0,0,85,81,0,0,22368512,0x01555100,600,ritorno a zero
1,0,0,81,77,0,0,22105344,0x01514D00,600,ritorno a zero
1,0,0,78,74,0,0,21907968,0x014E4A00,600,ritorno a zero
1,0,0,74,71,0,0,21645056,0x014A4700,600,ritorno a zero
1,0,0,71,67,0,0,21447424,0x01474300,600,ritorno a zero
1,0,0,67,64,0,0,21184512,0x01434000,600,ritorno a zero
1,0,0,64,61,0,0,20987136,0x01403D00,600,ritorno a zero
1,0,0,60,57,0,0,20723968,0x013C3900,600,ritorno a zero
1,0,0,56,54,0,0,20461056,0x01383600,600,ritorno a zero
1,0,0,53,50,0,0,20263424,0x01353200,600,ritorno a zero
1,0,0,49,47,0,0,20000512,0x01312F00,600,ritorno a zero
1,0,0,46,44,0,0,19803136,0x012E2C00,600,ritorno a zero
1,0,0,42,40,0,0,19539968,0x012A2800,600,ritorno a zero
1,0,0,39,37,0,0,19342592,0x01272500,600,ritorno a zero
1,0,0,35,33,0,0,19079424,0x01232100,600,ritorno a zero
1,0,0,32,30,0,0,18882048,0x01201E00,600,ritorno a zero
1,0,0,28,27,0,0,18619136,0x011C1B00,600,ritorno a zero
1,0,0,24,23,0,0,18355968,0x01181700,600,ritorno a zero
1,0,0,21,20,0,0,18158592,0x01151400,600,ritorno a zero
1,0,0,17,16,0,0,17895424,0x01111000,600,ritorno a zero
1,0,0,14,13,0,0,17698048,0x010E0D00,600,ritorno a zero
1,0,0,10,10,0,0,17435136,0x010A0A00,600,ritorno a zero
1,0,0,7,6,0,0,17237504,0x01070600,600,ritorno a zero
1,0,0,3,3,0,0,16974592,0x01030300,600,ritorno a zero
1,0,0,0,0,0,0,16777216,0x01000000,600,ritorno a zero
1,0,0,0,0,0,0,16777216,0x01000000,600,attesa finale
1,0,0,0,0,0,0,16777216,0x01000000,600,attesa finale
1,0,0,0,0,0,0,16777216,0x01000000,600,attesa finale
1,0,0,0,0,0,0,16777216,0x01000000,600,attesa finale
0,0,0,0,0,0,0,0,0x00000000,600,
